{
  "user0":
    {
      "id": "0",
      "username": "user0",
      "password": "password",
      "userType": false,
      "about": "Friendly cat-lover who loves sci-fi!",
      "followers": ["user1", "user3"],
      "followingUsers":  ["user1", "user2"],
      "followingPeople": ["0"],
      "reviews": ["0", "4", "8"],
      "recommendedMovies": [],
      "contributedMovies": []
    },
  "user1":
    {
      "id": "1",
      "username": "user1",
      "password": "password",
      "userType": true,
      "about": "Our reality isn't enough for our minds. Films are our escape.",
      "followers": ["user0", "user2", "user3"],
      "followingUsers":  ["user0", "user2", "user3"],
      "followingPeople": ["1", "2"],
      "reviews": ["1", "5", "9"],
      "recommendedMovies": [],
      "contributedMovies": []
    },
  "user2":
    {
      "id": "2",
      "username": "user2",
      "password": "password",
      "userType": false,
      "about": "My favourite genre is every Christopher Nolan movie ever created",
      "followers": ["user0", "user1", "user3"],
      "followingUsers":  ["user3", "user1"],
      "followingPeople": ["1", "4"],
      "reviews": ["2", "6", "10"],
      "recommendedMovies": [],
      "contributedMovies": []
    },
  "user3":
    {
      "id": "3",
      "username": "user3",
      "password": "password",
      "userType": false,
      "about": "Media student here to explore and critique works by different film-makers.",
      "followers": ["user1", "user2"],
      "followingUsers":  ["user0", "user1", "user2"],
      "followingPeople": ["1", "4"],
      "reviews": ["3", "7", "11"],
      "recommendedMovies": [],
      "contributedMovies": []
    }
  }
